timestamp, latitude, longitude, altitude, horizontalAccuracy, verticalAccuracy
1736090151.42046, 48.1728043493057, 11.596001377446072, 0.0, 44.14879344748821, -1.0
1736090160.42046, 48.1728043493057, 11.596001377446072, 0.0, 44.14879344748821, -1.0
1736090202.704523, 48.172715326415464, 11.59610160844779, 0.0, 40.0, -1.0
1736090205.806593, 48.17264200658367, 11.595775801699231, 571.8433837890625, 37.5024170946141, 64.0
1736090206.808144, 48.17224319563077, 11.595919299881528, 482.298828125, 21.725812082934166, 24.0
1736090207.219703, 48.17206826531158, 11.595978308479856, 481.6680908203125, 27.872217373023066, 48.0
1736090208.227669, 48.17213557199405, 11.59588912503011, 481.460693359375, 27.85796753170139, 48.0
1736090209.227099, 48.17224914678202, 11.59596825019605, 494.344970703125, 20.623363895477002, 24.0
1736090210.221188, 48.172375671610396, 11.595935896049808, 507.73828125, 19.206063903093813, 16.0
1736090211.219311, 48.17242013760672, 11.595908487226437, 509.314208984375, 18.308369833589683, 16.0
1736090212.21761, 48.17244536713527, 11.595879402022431, 508.2232666015625, 17.870673076198543, 12.0
1736090213.231652, 48.17245182120071, 11.595869343738626, 512.9212646484375, 17.3224523842426, 12.0
1736090214.236049, 48.17246192139403, 11.595868505548308, 514.2757568359375, 15.963021724507216, 8.0
1736090215.232391, 48.1724729435967, 11.595863476406405, 513.9384765625, 15.357434276488632, 6.0
1736090216.242036, 48.172484552532595, 11.595860542740295, 514.37890625, 15.212578332520327, 6.0
1736090217.2429924, 48.17249307615585, 11.59585952411159, 514.540573249571, 16.00355785500746, 7.817433700361765
1736090218.2332954, 48.17250278084581, 11.595853872144417, 514.1183320246637, 16.121717104992744, 7.736019443364398
1736090219.241026, 48.17251341938145, 11.59585178140134, 512.6625214871019, 16.49049676278192, 7.472215010618619
1736090220.2310474, 48.1725271499479, 11.595854078726367, 511.6195489214733, 16.443203329744996, 7.506902489656059
1736090221.2318525, 48.17253485878255, 11.595851094422585, 510.2219621008262, 16.4362497137648, 7.511980891284538
1736090222.2366314, 48.17253831633093, 11.595838307932018, 509.6985131530091, 16.61199672095191, 7.381891432159821
1736090223.2292461, 48.17253196634251, 11.59581517519791, 510.22217957675457, 17.098265465761187, 7.0017156305418355
1736090224.2316732, 48.172539506647446, 11.595785845178485, 510.39036974683404, 17.41061962413242, 6.740048642832277
1736090225.2325687, 48.17254561012816, 11.595788638870514, 510.2422982901335, 17.817333573001505, 6.535368458692477
1736090226.2342029, 48.172550140925225, 11.595805305998397, 509.8752403864637, 18.0836065400087, 6.4343743217682405
1736090227.240236, 48.17255760081905, 11.59580614418871, 510.69775015022606, 18.790628026804026, 6.150514722822824
1736090228.240872, 48.172556318456365, 11.595756041657836, 510.14230400696397, 18.663889619471814, 6.203166646834219
1736090229.230527, 48.17255444627682, 11.59573235096363, 510.14203315321356, 18.304309826371046, 6.3482870139094
1736090230.2346869, 48.17255263013432, 11.595742559432177, 510.24311865027994, 18.84924406648549, 6.125889004946253
1736090231.2286527, 48.17255902574258, 11.595767000700903, 509.576751768589, 19.9261432633679, 8.0
1736090232.2302682, 48.172563845336896, 11.595744872476526, 509.41096502449363, 19.99899861389525, 8.0
1736090233.2349544, 48.17252569292277, 11.595650794573194, 509.5406624265015, 19.624727095086595, 8.000000000003798
1736090234.2397366, 48.17251329278833, 11.595632507563112, 508.9490944324061, 19.26599294615848, 6.000000000005894
1736090235.2389603, 48.17251937784674, 11.595680197694293, 509.2635881556198, 19.888664332284506, 8.00000000000038
1736090236.2288163, 48.172515775122214, 11.595685109506915, 509.3299942612648, 19.78993988241464, 8.000000000000002
1736090237.2301674, 48.17251691129246, 11.595667572169171, 495.29935454856604, 14.823708059131622, 9.202092841997146
1736090238.236271, 48.17251322929837, 11.59565088406544, 494.9040022017434, 14.847406264341876, 9.16380709730844
1736090239.2301228, 48.17250391738846, 11.595633830018663, 494.12966603413224, 14.852693429865619, 9.15523517849354
1736090240.2403345, 48.17251325631765, 11.595614996538224, 493.3017121851444, 14.879288636549397, 9.111948362746075
1736090241.2384799, 48.17250904051079, 11.595601363964402, 493.2467576293275, 14.914814249026412, 9.05368152809329
1736090242.2340076, 48.17251571899304, 11.595593096349386, 492.62078536488116, 14.924806710737334, 9.037199673694765
1736090243.2304077, 48.17252735239598, 11.595583937775519, 492.54362592753023, 14.921856127576085, 9.042070725393545
1736090244.229162, 48.17253104172797, 11.59556900065999, 492.69449763931334, 14.90042493264129, 9.07734378118515
1736090245.2304099, 48.17253688368141, 11.595560069526147, 491.4720388315618, 14.877976749307013, 9.11409025312888
1736090246.2343867, 48.17252246772957, 11.595535241075774, 490.40971186291426, 14.83015264145255, 9.191703102598394
1736090247.2404487, 48.172537868927606, 11.59553452408487, 490.91501594893634, 14.819753775838985, 9.208459769071322
1736090248.2399907, 48.17252629113191, 11.595516165291263, 489.8755808863789, 14.862931747925535, 9.138604551659194
1736090249.2418218, 48.172505639323006, 11.59549532448869, 488.26668518129736, 14.836922104475354, 9.180772067796344
1736090250.2290945, 48.172517315464304, 11.595476508072995, 488.2088982928544, 14.796739225366132, 9.245395696865021
1736090251.2403862, 48.172516616322206, 11.595468859372268, 487.4837251054123, 14.820079535914738, 9.207935482194697
1736090252.240105, 48.17252343725755, 11.595464209720046, 487.0024681566283, 14.825738360518047, 9.198821411494116
1736090253.2410843, 48.17253669969074, 11.595446895065434, 488.18525475170463, 14.811578165995146, 9.221604281670015
1736090254.2346067, 48.17254840713407, 11.5954400644071, 488.94845068175346, 14.775906609787473, 9.27865384384706
1736090255.23035, 48.172566130247986, 11.59543195870596, 490.199381432496, 14.797813053598414, 9.243676872643876
1736090256.2333808, 48.17257595717542, 11.595418745723284, 491.4666064148769, 14.797291126521717, 9.244512351230897
1736090257.2370071, 48.17258663872895, 11.59541091871938, 492.2325351797044, 14.811409324772134, 9.221875465931646
1736090258.2347593, 48.17259637029927, 11.595401066801363, 492.2870606565848, 14.83994048019126, 9.17589231843311
1736090259.2393575, 48.17260469347358, 11.595391913319597, 493.05585003923625, 14.857014753914298, 9.14822091431289
1736090260.2403712, 48.172617666899015, 11.595376774943471, 494.821173931472, 14.830775486087003, 9.190698111480959
1736090261.2425783, 48.172611916267435, 11.595360585860881, 494.5665385434404, 14.806042042212388, 9.23049036288637
1736090262.2350483, 48.17261586670767, 11.59535099049806, 493.7906092889607, 14.78252981461063, 9.268098271773273
1736090263.2388525, 48.17262319301402, 11.595351363048353, 492.93007466569543, 14.784713500180501, 9.26461440172657
1736090264.2411902, 48.17261738134398, 11.595332303239898, 492.94088430237025, 14.771531236719255, 9.285617815618208
1736090265.2392306, 48.17262792450629, 11.595327336077075, 493.27222458366305, 14.749640931122464, 9.32035008452235
1736090266.2341251, 48.17262972225855, 11.595314433706276, 493.6195553857833, 14.744896200206124, 9.327854487514582
1736090267.2392073, 48.17264050010076, 11.595302952851148, 493.547697477974, 14.736573454454334, 9.34099759750375
1736090268.2412732, 48.17265496021161, 11.595301744553229, 494.0108448797837, 14.617683869164876, 9.525972475094386
1736090269.2384243, 48.17266165538111, 11.595296911270793, 494.6262828921899, 14.613120379403355, 9.532971523725708
1736090270.2351508, 48.172652226601315, 11.59527327421908, 494.5400947332382, 14.530942475101302, 9.657771175607536
1736090271.2404692, 48.17265282660283, 11.595260681255242, 493.8405192364007, 14.48652363392882, 9.7242720189596
1736090272.226543, 48.17265568078574, 11.595243292840777, 493.2268623141572, 14.395197435262945, 9.858961613420457
1736090273.2374911, 48.17266109194929, 11.595217171376717, 493.8601680304855, 14.381698368111218, 9.878642889778234
1736090274.2360964, 48.17268257897393, 11.59521367642472, 493.4002560079098, 14.381243152341176, 9.879305577232591
1736090275.239192, 48.17268366000127, 11.595196205543768, 492.919109525159, 14.38103842970754, 9.87960358407025
1736090276.2384953, 48.17269162333806, 11.595187706720404, 492.68062657117844, 14.353028372867898, 9.920252508013494
1736090277.2230277, 48.17269322787797, 11.595189721125472, 490.7571242265403, 14.363263319138877, 9.90542781106291
1736090278.2328222, 48.172702190967215, 11.595182326836854, 491.19083981588483, 14.345329368305958, 9.931382512516448
1736090279.238604, 48.172712693277234, 11.595173078895609, 491.0259577669203, 14.331631974041004, 9.951138540676864
1736090280.2240038, 48.1727129441683, 11.595164205370303, 490.31743612512946, 14.33467155649655, 9.946759505611245
1736090281.2346878, 48.17270480624891, 11.595150602483221, 489.3354572355747, 14.32476209586351, 9.961025258075143
1736090282.2332466, 48.172730926385846, 11.595139175051989, 492.93975388258696, 14.342025045548516, 9.936153727069543
1736090283.2374675, 48.17275793497542, 11.595136424165894, 494.7625329485163, 14.356749131645016, 9.914867001937495
1736090284.2366223, 48.17276698203593, 11.595115603514587, 495.6533945426345, 14.359122022306552, 9.911430171454061
1736090285.2413082, 48.172785275753824, 11.595113264996677, 495.93667661305517, 14.370710874926537, 9.894619863560552
1736090286.2303717, 48.17279677159947, 11.595109729511371, 496.33797528780997, 14.346945883457824, 9.929047140195857
1736090287.22786, 48.17279973063861, 11.595097039660178, 496.65745654143393, 14.331446721499296, 9.951405336128461
1736090288.2254684, 48.172804103760434, 11.595081406139986, 497.13619742542505, 14.33104592263595, 9.951982518995823
1736090289.2380009, 48.17280332955097, 11.595069459576207, 496.5310304025188, 14.33407152813268, 9.947624174720062
1736090290.241115, 48.17280576646775, 11.595054117151994, 496.10616709664464, 14.338597935473992, 9.94109865859503
1736090291.2375565, 48.17281827250554, 11.595044623968745, 496.58876801561564, 14.340891183722695, 9.937790164403937
1736090292.2261648, 48.17281761111598, 11.595038756284497, 496.04460576735437, 14.349356528560696, 9.925562982085776
1736090293.239937, 48.1728197091519, 11.595019547989077, 496.32511067483574, 14.349074661341442, 9.92597046430967
1736090294.2330418, 48.17282266523858, 11.595008399770197, 496.4484924469143, 14.362734305787962, 9.90619485758485
1736090295.2364717, 48.17282883667892, 11.594989731100288, 496.4119535405189, 14.383783321311897, 9.87560685024716
1736090296.2223246, 48.17284403738748, 11.59498162696459, 496.55433946754783, 14.410379958998794, 9.836756718166045
1736090297.236988, 48.17285634754516, 11.59497862462653, 497.41705228667706, 14.465142966295325, 9.756047983673296
1736090298.227024, 48.172859036716794, 11.594966269826239, 497.4739528670907, 14.456600276356975, 9.768702152524371
1736090299.236693, 48.17286172519346, 11.594942158639562, 497.8300839625299, 14.431821192355894, 9.805272579942192
1736090300.226079, 48.17286698920473, 11.594929885760255, 497.04139534477144, 14.42410642560788, 9.816617906276907
1736090301.2273154, 48.172877925289036, 11.594925635827305, 497.78307580109686, 14.42307132207357, 9.818138669497284
1736090302.2294085, 48.17288960449211, 11.594930627645706, 497.41447559557855, 14.405170546199585, 9.8443839233343
1736090303.2372928, 48.172902280440965, 11.594935385488297, 497.3752207616344, 14.430574470022613, 9.80710730848962
1736090304.2236512, 48.17291669222027, 11.59492638608735, 496.78542104549706, 14.420051943943285, 9.822572739821087
1736090305.23719, 48.172916810374424, 11.594910975827483, 496.7213336210698, 14.41393343417807, 9.831549025976654
1736090306.2314649, 48.17291048344255, 11.594901388647656, 495.884088832885, 14.385876600751226, 9.872557304116157
1736090307.2274423, 48.17291545002072, 11.594891754347497, 495.7859604936093, 14.393416746936861, 9.861561115974306
1736090308.2249026, 48.17291273305697, 11.59488243114378, 496.0099325561896, 14.376328596235725, 9.886455855773283
1736090309.227066, 48.17292063538091, 11.594874805068427, 496.1064594006166, 14.37643211722707, 9.88630531967635
1736090310.2325745, 48.172924249174706, 11.594865067119217, 496.29418620467186, 14.378562564307732, 9.883206558571322
1736090311.2330272, 48.17293009951362, 11.594854465042506, 496.40270076319575, 14.395705879683298, 9.858219186077704
1736090312.223294, 48.172936918838026, 11.594838089945348, 496.30082691367716, 14.395383953125693, 9.858689270749444
1736090313.222278, 48.17294674904638, 11.594830238949902, 496.48918975517154, 14.413769769289857, 9.831788969104489
1736090314.2262247, 48.17294780470458, 11.594814052262482, 496.22713370248675, 14.433425499136652, 9.802910876671824
1736090315.2356586, 48.172956627640886, 11.59480775139195, 496.84381707571447, 14.453673334281996, 9.773032305326966
1736090316.2359076, 48.172957396197184, 11.594795229223074, 496.5455174045637, 14.461522087922184, 9.761414456708499
1736090317.2392025, 48.17296561228174, 11.594781251643797, 496.2060319073498, 14.476555182485765, 9.739105880086912
1736090318.2322059, 48.172971897928406, 11.594766317704893, 496.25660409778357, 14.495186365209916, 9.711354464385053
1736090319.227132, 48.17297119543642, 11.59475504048631, 496.2722604619339, 14.501646600553519, 9.701704961899916
1736090320.224299, 48.17298008140817, 11.594751572275563, 496.3764346493408, 14.520045725252665, 9.674146237868785
1736090321.235877, 48.172984408735346, 11.594741445817158, 496.51643190160394, 14.544962063495612, 9.636644222268064
1736090322.2282236, 48.17299144702725, 11.594732073575281, 496.59871717263013, 14.573092104034435, 9.594051272659955
1736090323.2272408, 48.1729943638919, 11.594718422584654, 496.5977114457637, 14.599617654215654, 9.553637927293117
1736090324.2261147, 48.17300021070109, 11.594709686921465, 496.69308445975184, 14.621475139081934, 9.520152207412854
1736090325.2214909, 48.17300907137697, 11.59470053510737, 496.5430587977171, 14.639642903556972, 9.492190945795016
1736090326.2323961, 48.17302270115731, 11.594698293629994, 497.0243203379214, 14.653470501856296, 9.470830773819491
1736090327.2275147, 48.1730268580592, 11.594688031360159, 497.4645417705178, 14.680304185714288, 9.429183544188673
1736090328.2371702, 48.17302961069382, 11.594677498358731, 497.2678460543975, 14.707730616221877, 9.386346116340937
1736090329.2271645, 48.173035134464605, 11.594668629527582, 497.1186063103378, 14.726802263104215, 9.356395053573118
1736090330.2291403, 48.17303512279398, 11.594650835728947, 496.95717833098024, 14.758437382544946, 9.306414955319733
1736090331.2345319, 48.17304266817069, 11.594644305271041, 497.16324614547193, 14.755778999644955, 9.310629377691704
1736090332.2277699, 48.17304288794381, 11.594634832384804, 496.9333659466356, 14.772325011209562, 9.284354961885686
1736090333.2248673, 48.17304939439601, 11.594622509438798, 497.24411245714873, 14.735407144873431, 9.34283734043957
1736090334.2295349, 48.173060536618614, 11.594613421172891, 497.70485553331673, 14.731380529709831, 9.349185043841254
1736090335.2265353, 48.17306156378477, 11.594596364898813, 498.07863145601004, 14.710588934179036, 9.381865832802568
1736090336.2346272, 48.17305412407349, 11.59458207548094, 498.22930019535124, 14.697141763190832, 9.402917488086917
1736090337.2377186, 48.17305415540794, 11.594569219487392, 498.3590793153271, 14.691056225627232, 9.412422656816801
1736090338.2310214, 48.17305785397852, 11.594559058582501, 498.3020924888551, 14.694560874733009, 9.406950302508504
1736090339.2272654, 48.1730625228896, 11.59454698789595, 498.4203713061288, 14.702151798152379, 9.395082000663097
1736090340.2266855, 48.173065924770896, 11.594536992093747, 498.4239694401622, 14.716838869501174, 9.3720588444716
1736090341.2267241, 48.17306555978307, 11.594521929801015, 498.30904773715883, 14.736762248608967, 9.340699744830284
1736090342.229189, 48.17307460166638, 11.594512360317754, 498.32721335906535, 14.677814747277237, 9.433058228364214
1736090343.2317257, 48.17309700691627, 11.59451105275047, 498.3152485517785, 14.636146080725034, 9.49758186059884
1736090344.2248583, 48.17309990454743, 11.594499050221064, 498.76202745363116, 14.614425593509146, 9.53097045776996
1736090345.2343755, 48.17308489420237, 11.594475201642963, 498.65967891179025, 14.591777631108096, 9.565608128048748
1736090346.2380986, 48.173093533863565, 11.594461910367214, 498.76662411540747, 14.58546001094617, 9.57523835547654
1736090347.2260985, 48.17308777933853, 11.594456056643406, 499.1251739477739, 14.561722581321732, 9.611299015207242
1736090348.227603, 48.17309836738703, 11.594453308050982, 499.2624166710302, 14.539027855892618, 9.645594968724192
1736090349.226699, 48.173095402218195, 11.594442875737975, 499.4586798232049, 14.527824576115265, 9.662460679388055
1736090350.229609, 48.17310342811837, 11.594429643543231, 499.6910420889035, 14.523981372293164, 9.668236570977156
1736090351.2255373, 48.17311480057271, 11.594415970241045, 499.60262565594167, 14.519456013736592, 9.675031284717752
1736090352.224535, 48.173116655446414, 11.594400991039695, 500.3811734067276, 14.519991413936323, 9.674227753899244
1736090353.227106, 48.17313442891183, 11.594400313382941, 500.6967536145821, 14.523188776705549, 9.669427131494032
1736090354.2338414, 48.173143554741344, 11.594391039367503, 500.6394100775942, 14.519832494994793, 9.674466270156312
1736090355.240077, 48.173155674009664, 11.594382963190725, 500.50471394043416, 14.517582268394248, 9.67784265089611
1736090356.2268548, 48.17316201546593, 11.594389827400981, 500.76045558974147, 14.50896184533869, 9.690761552406755
1736090357.2233832, 48.173168066129215, 11.594382872829478, 500.9462022325024, 14.497861016420746, 9.707361085467387
1736090358.2308145, 48.173175449514545, 11.594367874024442, 501.17073048464954, 14.50530535506976, 9.696233797268064
1736090359.2257228, 48.173173741428755, 11.594364851367274, 501.27046297490597, 14.543627044647758, 9.638658915081976
1736090360.2369819, 48.17318032508456, 11.594368611630953, 501.47959683835506, 14.597830698015526, 9.556368149416096
1736090361.235799, 48.1731809238396, 11.594372078712842, 501.06319649890065, 14.570550141980593, 9.597911327738355
1736090362.2313352, 48.17317370700936, 11.594368067023618, 501.6116396598518, 14.538103187125168, 9.646988598293248
1736090363.2362413, 48.17315138655312, 11.594349016277024, 500.9377228813246, 14.573300846948767, 9.593734190575704
1736090364.235002, 48.1731497947915, 11.59434569477447, 501.1609939839691, 14.6068022900285, 9.542649535381514
1736090365.2374084, 48.17314056538898, 11.59434188606767, 500.7370072938502, 14.63206466716745, 9.5038685213406
1736090366.2304754, 48.17312614535942, 11.594327524423601, 500.60880954936147, 14.603126419178887, 9.548273774907095
1736090367.2354207, 48.17311486152228, 11.594327868307115, 499.7088615130633, 14.621835926801745, 9.519598070548392
1736090368.233374, 48.17309813433564, 11.594333045340674, 499.0433849990368, 14.563102789322345, 9.609207586618714
1736090369.2319942, 48.17308366947409, 11.594327645572717, 499.0000894628465, 14.597441769413665, 9.556962230943274
1736090370.232699, 48.17305572797704, 11.594323940818219, 499.4815478734672, 14.573728457309082, 9.593084600258582
1736090371.226614, 48.173035680037415, 11.594325513004321, 499.7753709061071, 14.560603129042642, 9.612994841027044
1736090372.2263699, 48.173019692247294, 11.59431613819331, 500.013530543074, 14.57518315409064, 9.590874272964447
1736090373.2345364, 48.173016074503096, 11.594311063092269, 500.2204416850582, 14.589580811926512, 9.568958408696565
1736090374.2325425, 48.173006958772355, 11.594304220858568, 500.04867171961814, 14.630294173467574, 9.506593800773214
1736090375.235288, 48.17300224611578, 11.594296624357543, 500.4607117502019, 14.580281227245164, 9.583122279796974
1736090376.225613, 48.172991051388806, 11.59428132799874, 499.8721255026758, 14.583927481187699, 9.577572370833705
1736090377.2346363, 48.17298094606238, 11.594277274019689, 500.25120824202895, 14.605435753438037, 9.544740947102376
1736090378.2293172, 48.1729715205292, 11.594269679035563, 500.2616631304845, 14.621125207351437, 9.520689626600127
1736090379.2383556, 48.172964813919826, 11.594269093300342, 500.3546583969146, 14.603681429609294, 9.547424888292321
1736090380.23537, 48.172959004866854, 11.594264142048658, 500.4851194312796, 14.589949383745438, 9.56839643173531
1736090381.2359676, 48.1729403534352, 11.594252199908388, 500.3038156842813, 14.57828663379813, 9.586156274436677
1736090382.2310932, 48.17293317747047, 11.594246123494534, 500.32301852013916, 14.6119882431057, 9.534706753667871
1736090383.2361145, 48.17292630511608, 11.594238954158293, 500.5008933702484, 14.606652574499657, 9.542878698954603
1736090384.235808, 48.17292671374134, 11.594240909583014, 501.3617220437154, 14.657287744360167, 9.464922042686256
1736090385.2340114, 48.172928114560484, 11.594241456247941, 501.6703581092879, 14.640207431906791, 9.49132022670398
1736090386.226117, 48.172921318717364, 11.594237968160051, 501.67447229567915, 14.705148209263362, 9.39039133575899
1736090387.223545, 48.172913928472305, 11.594235328735804, 501.92128501087427, 14.820388134415191, 9.207438777444263
1736090388.2352934, 48.172915867916686, 11.594228388907666, 501.86532199569046, 14.759078388346019, 9.305398348365125
1736090389.2290797, 48.172921493136684, 11.594226428017565, 502.0836172774434, 14.785019257190022, 9.264126448814215
1736090390.2296414, 48.17290504734413, 11.594205524849535, 502.3643207559362, 14.688460343696622, 9.416473120375304
1736090391.2361927, 48.172894214408025, 11.594194845979539, 502.6707808300853, 14.695170086289822, 9.405998587609488
1736090392.2344642, 48.17290125998689, 11.594197177205299, 502.6233230512589, 14.697992678140952, 9.40158734089164
1736090393.2248871, 48.172890894754936, 11.594197434482595, 502.53036846779287, 14.717934984685014, 9.370337404900843
1736090394.230156, 48.1728850391586, 11.594189602750626, 502.30529319215566, 14.658544787850541, 9.462975113444957
1736090395.2244816, 48.17287271103411, 11.594185188109426, 502.2070419192314, 14.649727156272593, 9.476620048406934
1736090396.234359, 48.17287724797733, 11.594180013009368, 502.2698810752481, 14.646727772822286, 9.481255130199544
1736090397.235073, 48.1728708269646, 11.59417401642262, 502.2997754784301, 14.695078568585002, 9.406141565924504
1736090398.2293897, 48.17286398518194, 11.594167635436056, 502.33775519393384, 14.75662207194465, 9.309293116069284
1736090399.2379792, 48.17285697828798, 11.594164320166472, 502.4229579474777, 14.732738793575185, 9.347044502696225
1736090400.2239027, 48.172850453165616, 11.594156489934262, 502.5706492457539, 14.803432608023215, 9.234674672927786
1736090401.2348928, 48.172842460415126, 11.594151837595561, 502.77493235096335, 14.898142697265186, 9.081089002263047
1736090402.2295585, 48.172836800424776, 11.594144405409395, 503.0016904100776, 14.873286833664457, 9.121741722864247
1736090403.2240756, 48.172819334732395, 11.594133469316304, 503.15836049895734, 14.727251730777006, 9.355687561768221
1736090404.2363153, 48.172796862194595, 11.594115868418081, 503.1282916199416, 14.709019041465547, 9.384326940857447
1736090405.2233672, 48.17276630461056, 11.594099111150301, 503.04078352916986, 14.704354677638268, 9.391633873257438
1736090406.2293088, 48.17277182452876, 11.594092583396055, 502.5932202572003, 14.70892230583472, 9.384478562819393
1736090407.233201, 48.17277724403407, 11.594092282764775, 502.8084156466648, 14.73429795748882, 9.344586507440534
1736090408.2339396, 48.17275957853013, 11.594079069001983, 502.8757696133107, 14.75617157566553, 9.31000718177057
1736090409.2223516, 48.17275087657907, 11.594073641575728, 502.9317482197657, 14.858920751857681, 9.145124787837073
1736090410.2279444, 48.17273988663941, 11.594057153349556, 503.21187908016145, 14.931813674978677, 9.025617633758849
1736090411.2187395, 48.17273228101766, 11.594046896535964, 502.97331497538835, 15.066545828609089, 8.798865272836093
1736090412.226796, 48.17274047516746, 11.594054113652028, 503.0743336100131, 14.914680524255239, 9.053901819353928
1736090413.2332036, 48.17273001148634, 11.594046872226293, 503.0244425032288, 14.91614429499588, 9.051490079868662
1736090414.2300532, 48.17272922716558, 11.594035455283416, 502.93027992453426, 14.832283426009136, 9.188264344566585
1736090415.2337158, 48.17273988879982, 11.594031896432242, 502.82493018824607, 14.867361891555518, 9.131395494699682
1736090416.2349102, 48.172717967133615, 11.59401526691405, 502.65205726306885, 14.936630900560766, 9.017643297198674
1736090417.2343402, 48.1727243246646, 11.594012762705148, 502.6483075795695, 14.866499321334645, 9.132799747276595
1736090418.2277255, 48.172688291520494, 11.593996394363426, 502.2966377492994, 14.875638482401678, 9.117906176090495
1736090419.2281492, 48.17266904124616, 11.593981853948312, 502.5583459986374, 14.80882085854929, 9.226031545279605
1736090420.2278852, 48.172677169811784, 11.593968888590032, 502.36402454879135, 14.797031569407492, 9.244927800099736
1736090421.2334146, 48.17267584939831, 11.593959051700722, 502.72850990016013, 14.750693242094286, 9.318684573089321
1736090422.2286253, 48.17266379401991, 11.593949467421188, 502.6346644125879, 14.728970212390585, 9.352981865566173
1736090423.2331238, 48.17264812858353, 11.593935741020305, 503.1705204313621, 14.716235893751902, 9.373005623307131
1736090424.2324576, 48.17264597430009, 11.593929510993101, 503.22048521321267, 14.702313606948485, 9.394828784923991
1736090425.22121, 48.172637968257355, 11.593920544614662, 503.0691916132346, 14.65121583733219, 9.474318328144
1736090426.2266994, 48.17262564915862, 11.593912843956021, 503.21224305965006, 14.627822651314037, 9.510396299671369
1736090427.2265723, 48.1726276454467, 11.593904066322295, 503.539840917103, 14.630122599412966, 9.506857841644889
1736090428.233132, 48.17262380072928, 11.593896159384071, 503.4483168730512, 14.654338274390684, 9.469488002781734
1736090429.2328963, 48.17260521009364, 11.593885112421352, 503.34191472735256, 14.66416259667749, 9.454267218209129
1736090430.2277656, 48.172601191745336, 11.593884011883782, 502.8016155604273, 14.589210811312247, 9.569522516729286
1736090431.233476, 48.17258922067009, 11.593873945263484, 503.55257644411176, 14.583521954299453, 9.578189844827925
1736090432.2355635, 48.17257063914242, 11.593860887505588, 503.55660940892994, 14.57421421261388, 9.59234660445204
1736090433.2186131, 48.17255238228451, 11.59385114734169, 503.2868910487741, 14.574493220425563, 9.591922678111425
1736090434.2273984, 48.17253557109112, 11.593839077704429, 503.1868856623769, 14.575319184025972, 9.590667546050346
1736090435.2247615, 48.17253011516899, 11.59383142969562, 503.32511584833264, 14.573157990666296, 9.593951191984356
1736090436.2336037, 48.172513458561866, 11.593813972396102, 502.9216953618452, 14.571041415210743, 9.59716548629397
1736090437.224008, 48.172516939800545, 11.593812922164824, 503.10889587458223, 14.586230328633409, 9.574064867920722
1736090438.2284286, 48.17250979243292, 11.59380446709529, 503.70716715883464, 14.540918411411353, 9.64274468436126
1736090439.2250648, 48.172541357406296, 11.59379532713191, 502.4970604283735, 14.46033063328918, 9.763179362843717
1736090440.2342381, 48.17254196304759, 11.593789391234678, 502.9418680621311, 14.424785571349243, 9.815619925185242
1736090441.2219687, 48.172555152838, 11.59377285606258, 502.49550204444677, 14.39295313174034, 9.862237750258553
1736090442.236043, 48.17255726558042, 11.593757774778338, 502.2543386006728, 14.373950804124638, 9.889912617192508
1736090443.2187529, 48.17257324487096, 11.59374772601179, 502.07554429396987, 14.356018520008144, 9.915924845836727
1736090444.2239585, 48.17257086010309, 11.593745807941028, 501.50196373462677, 14.359841737648615, 9.910387407401576
1736090445.233081, 48.17257086010309, 11.593745807941028, 501.50196373462677, 14.378161188034378, 9.883790474610477
1736090446.2262866, 48.17257607932213, 11.593743569526438, 501.9894596952945, 14.39363788544984, 9.861238346051776
1736090447.2331533, 48.172579143575966, 11.59372444334149, 501.67152552399784, 14.423670058337548, 9.817259054507822
1736090448.2326348, 48.172588062693926, 11.593716784866418, 501.7740656211972, 14.410764513193644, 9.836193340941282
1736090449.2184353, 48.17259778523849, 11.593706954565082, 501.59248980507255, 14.422719956556442, 9.818654813661974
1736090450.2336397, 48.172605075462684, 11.593694479563114, 501.6729423571378, 14.420084065030053, 9.82252558421536
1736090451.217513, 48.172600795474025, 11.593683812173639, 501.7354042259976, 14.435506482134814, 9.79984621814765
1736090452.2212782, 48.17258551381342, 11.593683612586661, 501.67392400838435, 14.453420433760012, 9.773406318171137
1736090453.2356975, 48.17258450734547, 11.59367911116783, 501.7823916953057, 14.493488824262311, 9.713887738494945
1736090454.2292128, 48.17255154211547, 11.593679450431681, 501.8755224645138, 14.531488181740327, 9.656950062987802
1736090455.2343392, 48.17260225572226, 11.593667712129742, 501.7934019342065, 14.549054294558694, 9.630464808568801
1736090456.234363, 48.17261466906269, 11.593683858330614, 502.20307680312544, 14.56876720407413, 9.60061745142431
1736090457.2213778, 48.17259855592005, 11.593671603325609, 502.15706049930304, 14.580350531433199, 9.583016835821304
1736090458.2311893, 48.172596828110414, 11.593657634380873, 501.89920762740076, 14.607192357388668, 9.542052437989694
1736090459.2324505, 48.17258774465554, 11.593653961161724, 502.48122155386955, 14.635372891726197, 9.498773268966099
1736090460.2318125, 48.17258853313217, 11.593649746474645, 502.4643643768504, 14.69026730340579, 9.41365390534333
1736090461.2327223, 48.172589475949536, 11.593638384210863, 503.5385514199734, 14.761888133703064, 9.3009403838072
1736090462.2304378, 48.17258056294964, 11.59362875160782, 503.2512814635411, 14.829280374985482, 9.19311029277738
1736090463.237218, 48.17256697423712, 11.593624064302457, 502.586219323799, 14.868238994965456, 9.129967277251739
1736090464.2333884, 48.172548574506, 11.593617177455066, 502.529652627185, 14.93377664729529, 9.022369330935016
1736090465.2171698, 48.172548882858926, 11.593609815292675, 501.9483849219978, 15.025910635526845, 8.86807999897724
1736090466.2311344, 48.17255609015568, 11.593600017901279, 502.40518855210394, 14.915040240760879, 9.05330922434347
1736090467.2339501, 48.172570791344796, 11.593590415746005, 501.80494931992143, 14.950351246597254, 8.994878036886705
1736090468.2328753, 48.172560083028635, 11.593590929354587, 501.4759081704542, 15.030395219424847, 8.860477009901308
1736090469.2321734, 48.17256164982016, 11.593594923599072, 501.6371249174699, 15.04994635576933, 8.827227649922957
1736090470.226965, 48.172552647814015, 11.593581188999567, 501.53423969168216, 14.964346195819484, 8.971576016885878
1736090471.232574, 48.172573750205736, 11.59356891436596, 501.07623360306025, 14.970777503303713, 8.960840041071728
1736090472.2342057, 48.172592726007466, 11.593548127010953, 500.44821108412, 14.825091900148717, 9.199863229811832
1736090473.2310748, 48.17260276786999, 11.593535315811547, 500.0730972699821, 14.853195741218588, 9.154420220207554
1736090474.228591, 48.17262459674908, 11.593510314900868, 498.54121217131615, 14.923864770030853, 9.038755092430087
1736090475.2170563, 48.17265608248071, 11.593510773987742, 498.23225501645356, 14.798225174997915, 9.243017092116451
1736090476.231852, 48.17268181744094, 11.593505201039129, 497.60160369612277, 14.77176076879726, 9.28525266670332
1736090477.2325048, 48.1726846943305, 11.593491032501538, 497.34545867238194, 14.797846773374056, 9.243622891855875
1736090478.2236056, 48.17267947388211, 11.593472198093046, 497.34444328863174, 14.767387108861357, 9.292207018364063
1736090479.2329617, 48.172692406290075, 11.593460395902564, 497.3735846327618, 14.80298291374259, 9.235395505907901
1736090480.2316692, 48.172690196456365, 11.59344997064219, 497.2136451099068, 14.764856110509792, 9.296228123870485
1736090481.2203646, 48.17269130747954, 11.593432685754845, 497.47860905807465, 14.79082132915741, 9.25486022066466
1736090482.2257323, 48.17271757146764, 11.593419044651464, 496.9186003897339, 14.756942449700084, 9.308785250038731
1736090483.2311635, 48.172723951070346, 11.593414382950636, 497.02994004357606, 14.708387823691448, 9.385316239902846
1736090484.230383, 48.172721647326796, 11.593398021983992, 497.42166309896857, 14.713230769808174, 9.377722197285912
1736090485.2319806, 48.17272080145886, 11.593385235155493, 497.56439956091344, 14.736746428443533, 9.340724704157365
1736090486.2248733, 48.17272708711071, 11.59337159038887, 498.19052928406745, 14.767853386084193, 9.29146595872904
1736090487.2310438, 48.17271738453509, 11.593354201379956, 498.07969926297665, 14.783886910217921, 9.265933364803898
1736090488.2321374, 48.17273371495616, 11.593348028865408, 498.3944822624326, 14.827505971461997, 9.195971942179778
1736090489.227265, 48.17274999543006, 11.593339308678907, 498.163647999987, 14.799193576843626, 9.24146648374646
1736090490.229734, 48.172759142307996, 11.593324494382097, 498.95082303043455, 14.79504492705098, 9.248106773910106
1736090491.2154605, 48.17277655265929, 11.593322696964266, 498.5812426256016, 14.77636095538741, 9.277930276263202
1736090492.229484, 48.172781908274445, 11.593313689740722, 498.7210897533223, 14.799176622479067, 9.241493634243765
1736090493.2316585, 48.1727930528678, 11.593303118453168, 498.69890104513615, 14.795194745560512, 9.247867091175
1736090494.2244303, 48.17279929334288, 11.593292241958613, 498.61030041147023, 14.832747840439929, 9.187514614792377
1736090495.2205954, 48.172804314223185, 11.593276075083516, 498.6251012571156, 14.869685652403753, 9.127610963105127
1736090496.2202325, 48.172808576450414, 11.593264332867124, 498.5162769248709, 14.913115457097955, 9.056479484786843
1736090497.227489, 48.17282074737714, 11.593260566242698, 498.6141499048099, 14.899685551536274, 9.078557361191267
1736090498.227037, 48.17282369032213, 11.593246989891782, 498.8124822610989, 14.948190823764422, 8.998467891337063
1736090499.2382102, 48.17282498336587, 11.593234087501628, 498.8051645113155, 14.996338232586835, 8.917997135509369
1736090500.230589, 48.17281392743572, 11.593207599134606, 498.67620600387454, 14.973678609008973, 8.95599141408733
1736090501.2256522, 48.1728271373462, 11.593205726869646, 498.40574281290174, 14.889397939134565, 9.09541985315655
1736090502.2258453, 48.172823878466005, 11.593187624058364, 498.6830548439175, 14.823817753064535, 9.201916133014231
1736090503.231628, 48.17284401549023, 11.593185740096262, 498.1898916400969, 14.803500394218277, 9.23456600894044
1736090504.221655, 48.17284219848686, 11.593168872222464, 498.15142473205924, 14.81543547858009, 9.21540584429841
1736090505.2190459, 48.17284836818719, 11.593153061098144, 498.11869083344936, 14.824381361223192, 9.201008126945508
1736090506.2304995, 48.17284370682073, 11.593133200127282, 497.94418160337955, 14.842939326612889, 9.171040586628513
1736090507.21517, 48.17284617461944, 11.593117239759094, 497.90738723799586, 14.86883665534409, 9.128993910163091
1736090508.2301638, 48.1728414442994, 11.593100348523642, 497.6216403953731, 14.802020332519518, 9.236938203256404
1736090509.2212334, 48.172845311217, 11.593089999137963, 497.93242816533893, 14.703227655676548, 9.393398203017224
1736090510.2296836, 48.172846431294296, 11.593079999183132, 497.7734104292467, 14.676761981018888, 9.434696129055636
1736090511.2302008, 48.17284876977337, 11.593062723614459, 497.368334883824, 14.696343164943434, 9.404165612818572
1736090512.2199426, 48.17285844509735, 11.59305232101718, 497.9132099887356, 14.706980360505899, 9.387521609604565
1736090513.2292025, 48.172862519835604, 11.593035376722225, 497.2863744283095, 14.700627193244491, 9.397467393949258
1736090514.2295501, 48.17287068079166, 11.593027934287406, 497.278321496211, 14.712595062897577, 9.378719518692344
1736090515.2328773, 48.17288275781936, 11.593016507498834, 497.0790933230892, 14.73370095301769, 9.34552778189357
1736090516.230052, 48.17287464739154, 11.592996868508921, 496.81420404836535, 14.75623526239533, 9.309906238837181
1736090517.2219806, 48.1728789377332, 11.592984979906577, 497.0509140267968, 14.787241684233464, 9.26057863565594
1736090518.2298985, 48.17289921282203, 11.592987674587214, 497.30012471973896, 14.722168235790855, 9.363684944089568
1736090519.2295284, 48.17290277930624, 11.592975311438778, 497.3504912527278, 14.683878594110558, 9.42361622353758
1736090520.228801, 48.17290765502554, 11.592963688574391, 497.25269953813404, 14.680072205036316, 9.429544705340716
1736090521.2293773, 48.17293479715205, 11.592965349036739, 497.7081299126148, 14.591822004217807, 9.56554043911393
1736090522.2240124, 48.172941426149166, 11.592952655072754, 497.93149881251156, 14.568524286916682, 9.600986063765415
1736090523.2339437, 48.172945931623346, 11.592939132537673, 497.88440670631826, 14.558928036422731, 9.615531588287933
1736090524.2301767, 48.17294534146451, 11.592922558946844, 497.9009191663936, 14.552656103885711, 9.625021226840847
1736090525.2306328, 48.17295312978042, 11.592913499669448, 498.34231635928154, 14.534255851402934, 9.652784061661096
1736090526.2299817, 48.17294965042513, 11.592893042027525, 498.58145993575454, 14.540794521625706, 9.642931503176756
1736090527.2209225, 48.17294815053935, 11.592881312158108, 498.1174235101789, 14.535591768749477, 9.650772260672271
1736090528.2307582, 48.17295886567135, 11.592874550031544, 498.63890803419054, 14.53577504282669, 9.650496215192025
1736090529.2300494, 48.17297403074433, 11.59286777729064, 498.41883026529104, 14.522682654664743, 9.670187268455493
1736090530.2238145, 48.17298085041679, 11.592861610119398, 498.73762786667794, 14.51510552191387, 9.68155695034659
1736090531.2293854, 48.17299186595713, 11.592853970305073, 498.84985209908336, 14.468393374758545, 9.7512269201543
1736090532.2295475, 48.173005010613664, 11.59284520970761, 499.2446146905422, 14.462834704755505, 9.759469534663179
1736090533.2193136, 48.173017095519505, 11.59283625509918, 499.3299612412229, 14.462328502741235, 9.760219647830544
1736090534.2292597, 48.1730145542064, 11.592815610386413, 499.7570191565901, 14.457841246422639, 9.766865402386744
1736090535.2298112, 48.17302051777763, 11.592806195970866, 499.67565684672445, 14.452844950419477, 9.774257318806026
1736090536.2301185, 48.17302162305143, 11.592792832807788, 499.895309462212, 14.453857545950257, 9.772759862826662
1736090537.2290373, 48.17302570539761, 11.592784416265845, 500.08332403190434, 14.458992343051424, 9.765161223383831
1736090538.230052, 48.17302865629636, 11.592770886713344, 500.0920467702672, 14.424474528957923, 9.816077009607401
1736090539.2314072, 48.17303142721517, 11.592758295801499, 500.204716257751, 14.41858464004286, 9.824726473190946
1736090540.218873, 48.17303381943345, 11.59274693011919, 500.3340009264648, 14.434651030839062, 9.801106208637663
1736090541.2289658, 48.173037990318136, 11.592739206910478, 500.5190922515467, 14.456805579995363, 9.768398318932016
1736090542.2287178, 48.17304351840318, 11.592726861874118, 500.2485183663666, 14.480808144040884, 9.732781143669992
1736090543.2285578, 48.17304844771166, 11.592719262922946, 500.3214260712266, 14.501929410790689, 9.701282217291842
1736090544.2287028, 48.17305086279863, 11.592702583274196, 500.7100669555366, 14.52683356939261, 9.663950524618121
1736090545.2216802, 48.17305377559694, 11.59268873780653, 501.64297079015523, 14.547753641993765, 9.632429458187381
1736090546.2275019, 48.17306991249094, 11.592676717535594, 501.8367303600535, 14.58100745974531, 9.582017259113579
1736090547.231411, 48.173071683557666, 11.592663763743793, 501.75479648076, 14.591199655842132, 9.566489737539646
1736090548.2265964, 48.173075320573446, 11.592650423694346, 501.5326056247577, 14.632187580677378, 9.503679282202741
1736090549.2278216, 48.17306858025226, 11.592632331396624, 501.53297602012753, 14.673003461508678, 9.440540382502121
1736090550.2215104, 48.17306901594221, 11.592616389667716, 501.674757133238, 14.699732186726427, 9.39886732184352
1736090551.2272434, 48.1730725488718, 11.592605985294977, 502.118066416122, 14.765507635325767, 9.295193250612675
1736090552.2283676, 48.173068093363405, 11.592586837856098, 502.16865948215127, 14.826191451352244, 9.198091124953512
1736090553.2173846, 48.17307992411096, 11.592579641597721, 502.16478415299207, 14.90742334914611, 9.065845927680016
1736090554.2171116, 48.173083590894116, 11.59256993433226, 502.1184962783009, 15.040206962982158, 8.843811836858695
1736090555.2277157, 48.17308784691828, 11.592558506223115, 502.0829756176099, 15.20996362135777, 8.54855776912528
1736090556.2169237, 48.173092178430196, 11.59255875842858, 502.0908261248842, 15.359307407382794, 8.277228356195991
1736090557.2266707, 48.173095337692665, 11.592550782055673, 502.2659809915349, 15.578650958511986, 7.856619349819139
1736090558.2260041, 48.17309849479979, 11.592543854407621, 502.09375214762986, 15.842869069008565, 7.309195096407722
1736090559.2182636, 48.173101521263085, 11.592536831181325, 502.06440350133926, 16.152862610123353, 6.5958974213959625
1736090560.2162447, 48.17310391234542, 11.59252882445907, 502.15200693532825, 16.532071626343882, 5.577763085371637
1736090561.2177846, 48.17310505819323, 11.59252031753476, 502.2486376091838, 17.15222423060978, 4.636381780088609
1736090562.2259812, 48.173104771561974, 11.592517935504507, 502.2594016995281, 18.04386578393938, 4.134667016438476
1736090563.216391, 48.17315546829641, 11.592470727981443, 501.68936061766, 18.05244551163337, 4.094583197800612
1736090564.2264817, 48.17313260444806, 11.592474576942688, 501.48550728335977, 15.83700063597683, 7.3219016758741295
1736090565.22784, 48.173126118699756, 11.592440817010715, 500.73196440935135, 15.303978537902127, 8.379085523285339
1736090566.2181997, 48.17314454246568, 11.592443348846171, 501.00258323643357, 15.08388684122444, 8.769104347436809
1736090567.2279077, 48.173141304212294, 11.592417460368022, 500.5373577978462, 14.964575811470423, 8.97119301307542
1736090568.2209992, 48.17317561901268, 11.592418365598508, 500.57064818032086, 14.752321197461708, 9.316107158143947
1736090569.2187736, 48.173177483539874, 11.592405090594998, 500.43707203585654, 14.692167645744576, 9.410687709430976
1736090570.2159333, 48.17319445415154, 11.592393704798626, 500.1191974617541, 14.584427527509439, 9.576810898724265
1736090571.2243934, 48.17319649905758, 11.59238198252753, 500.3356894562021, 14.527855973560584, 9.662413472139297
1736090572.2149048, 48.17319363470643, 11.592361587962797, 500.777394734323, 14.478352268450065, 9.736434094973673
1736090573.2291842, 48.17320139652475, 11.59234989085068, 500.6997281033546, 14.444220924130112, 9.786997250945808
1736090574.227976, 48.17320074531843, 11.592349596675298, 500.00863151438534, 14.43304145276696, 9.803476307810893
1736090575.2283983, 48.17319596453991, 11.592346533462177, 500.3033280763775, 14.40737632594752, 9.841155455414059
1736090576.2271032, 48.17319551614383, 11.592347601074955, 500.3181154849008, 14.383144196389681, 9.876537668685351
1736090577.2269182, 48.17319551614383, 11.592347601074955, 500.3181154849008, 14.381742150413888, 9.87857914955928
1736090578.224371, 48.17319551614383, 11.592347601074955, 500.3181154849008, 14.362464437351512, 9.906586121409937
1736090579.2268786, 48.17319551614383, 11.592347601074955, 500.3181154849008, 14.343332072911608, 9.934266874877284
1736090580.2278733, 48.17321476790951, 11.592353877119345, 500.82654865272343, 14.331267395485003, 9.951663586265735
1736090581.2273932, 48.173220276512936, 11.592345833606021, 500.28969710413367, 14.324708800246166, 9.961101901057381
1736090582.2181191, 48.173228827936356, 11.592328764823073, 500.87680222000927, 14.318064472065842, 9.970650082560553
1736090583.2276685, 48.17324126413091, 11.5923154983119, 501.0825380710885, 14.32293464298032, 9.96365276934183
1736090584.2266188, 48.173244412422626, 11.592308669862252, 500.7756753489375, 14.343779304012445, 9.933621120864395
1736090585.228701, 48.173246151836395, 11.592297097465055, 500.4222715953365, 14.352019304224838, 9.92171231120196
1736090586.213756, 48.17325317709669, 11.592283963075944, 500.94139376375824, 14.368049701442432, 9.89848377641641
1736090587.2265592, 48.17326599145673, 11.592278535601043, 500.85667419433594, 14.343248810228038, 9.934387090454592
1736090588.2180848, 48.173270629751904, 11.592270862506943, 500.858533449471, 14.326279479749351, 9.958842782332272
1736090589.2261293, 48.17327801698211, 11.592260296125515, 500.92962612304837, 14.329646413086431, 9.953997537221818
1736090590.2272122, 48.17328014988022, 11.592246464207046, 501.19413493946195, 14.330564715666418, 9.952675430515939
1736090591.2177649, 48.17328997361456, 11.592234069622787, 501.12819685414433, 14.316466477340262, 9.97294444476111
1736090592.2270184, 48.17329281469526, 11.592221012184662, 501.40249794721603, 14.305279971843245, 9.988983843328581
1736090593.2273967, 48.17330583018394, 11.592210328554389, 501.68511832505465, 14.305788099222461, 9.988256111816714
1736090594.2143755, 48.17330791343109, 11.592201048942597, 501.64601910393685, 14.319928416977874, 9.967972884580318
1736090595.228609, 48.173312963562736, 11.592187926531377, 501.61186826601624, 14.34156034824471, 9.936824446107217
1736090596.218104, 48.17332534473053, 11.592174628924962, 501.9408937189728, 14.317488711068755, 9.97147683663346
1736090597.2272344, 48.17333913105661, 11.592164144809532, 502.59195360261947, 14.297614341452627, 9.999952871798298
1736090598.2283492, 48.17335151879168, 11.592148671500606, 502.92639878951013, 14.284585639243684, 10.01855510591283
1736090599.2268133, 48.17335698828634, 11.592131518353801, 503.33739180117846, 14.274598458739826, 10.032779880812772
1736090600.229724, 48.17334776500299, 11.592126321235138, 502.9085706435144, 14.266337473324484, 10.044523303388592
1736090601.2288518, 48.173366242884654, 11.59212453256366, 502.9655888825655, 14.261226218765852, 10.051778948638114
1736090602.2121913, 48.173374878768875, 11.592109275466637, 503.4553867112845, 14.257245607784673, 10.057424171944003
1736090603.2298741, 48.173381705970364, 11.59209323556011, 503.37371582351625, 14.25358871720081, 10.062606122470692
1736090604.2275753, 48.17338734484789, 11.592075499282213, 503.7181583978236, 14.257424264095343, 10.057170906804968
1736090605.225685, 48.17339923079504, 11.592061666253178, 503.95329555496573, 14.266025965713446, 10.044965726207762
1736090606.220454, 48.17341284392408, 11.592057148309802, 504.1767393425107, 14.283087167704473, 10.020691306235053
1736090607.2270465, 48.17341975271679, 11.592045215238072, 504.61021984089166, 14.309459589343575, 9.982995520185419
1736090608.2285297, 48.17343403739039, 11.592036693138416, 504.65097377914935, 14.329390511227238, 9.954365920130204
1736090609.227051, 48.173439146117126, 11.592024031429283, 504.81360837072134, 14.364749536895804, 9.903272390344046
1736090610.2156126, 48.17344857213368, 11.592011761990632, 505.220175081864, 14.401626976637118, 9.849567184445057
1736090611.2284222, 48.17345490223561, 11.59199955164151, 505.1217205841094, 14.472346366979442, 9.74535909698949
1736090612.2151117, 48.173465267129885, 11.591985651898568, 505.1343349246308, 14.555298143365217, 9.621025374296027
1736090613.225279, 48.17345384777522, 11.591985238498864, 505.51699275523424, 14.64120376099969, 9.489783228503558
1736090614.218213, 48.17344670990008, 11.591963236596845, 505.50764253828675, 14.761981223895159, 9.300792635064267
1736090615.2160375, 48.17344828410585, 11.591946074761104, 505.60867929738015, 14.892193130540917, 9.09084248338782
1736090616.2156417, 48.17345060121422, 11.591933176977154, 505.8747991742566, 15.035812988467404, 8.851280193900422
1736090617.2147503, 48.173456319426386, 11.591920067752064, 505.9762663776055, 15.267235549452991, 8.445848209186439
1736090618.211458, 48.173461927738465, 11.591908969747756, 505.8237140579149, 15.445995191010361, 8.114312407985267
1736090619.2137313, 48.17346780436841, 11.591895338922003, 506.17410474363714, 15.749323826654402, 7.508637179826633
1736090620.2087069, 48.17347282283415, 11.591879578552096, 505.9566268660128, 15.885714333533166, 7.215602082188143
1736090621.2151494, 48.17347892688021, 11.591864368365453, 506.08814433403313, 16.227684710505645, 6.409608586452078
1736090622.2157574, 48.17349216691727, 11.591851066778247, 505.73901294451207, 16.49714250442407, 5.680239650210516
1736090623.2161107, 48.17349679809539, 11.591833452418673, 505.8986414782703, 16.981022193495622, 4.9176687054376815
1736090624.2135696, 48.17348469785229, 11.591810282736093, 505.6066591348499, 17.273579236581607, 4.543659022731512
1736090625.214192, 48.173508790629015, 11.591797570506577, 506.02121410053223, 17.652290386532954, 4.309463827772146
1736090626.2136178, 48.173532448940975, 11.591790807667481, 505.84216927643865, 15.47367181000099, 8.061408934639134
1736090627.2251856, 48.17353978254407, 11.591772431694737, 505.50112686119974, 15.056027589315983, 8.816851281770314
1736090628.2153249, 48.17356694122071, 11.59177174146523, 505.86136524006724, 14.925539948431279, 9.035988631183693
1736090629.2143488, 48.173575385190155, 11.591767950773926, 505.8640040764585, 14.81070400812312, 9.223008190328395
1736090630.2172527, 48.17352922935401, 11.591720295895572, 505.51330066099763, 14.717723770676692, 9.37066914927409
1736090631.2269793, 48.17351761938306, 11.591691450040676, 505.46371555607766, 14.663823721475945, 9.454792814259779
1736090632.228078, 48.17349101547498, 11.591682334789635, 505.692489287816, 14.642579987647581, 9.487659595518878
1736090633.225512, 48.173487793591676, 11.591670038433149, 505.2276797639206, 14.630342004221525, 9.50652019061708
1736090634.2132902, 48.17349005306883, 11.59166432728658, 504.917489442043, 14.585192277631956, 9.575646167210028
1736090635.2156472, 48.17347984107976, 11.591653919376819, 505.02005207911134, 14.568958148809187, 9.600327689893993
1736090636.2278209, 48.17346750468301, 11.59164172666796, 504.33575205970556, 14.563524398008932, 9.608568592860099
1736090637.2167468, 48.173460814015755, 11.591632944416055, 504.2358391713351, 14.57292595978937, 9.594303636303993
1736090638.217102, 48.17343553769031, 11.591631073037187, 503.64936627075076, 14.567415640480586, 9.602668111133514
1736090639.2153306, 48.17341594338599, 11.591619183002305, 503.5784735586494, 14.550825419247145, 9.627788578572446
1736090640.2155433, 48.17340250232405, 11.591612193586432, 503.2727057179436, 14.534039994272977, 9.65310907117352
1736090641.2149792, 48.173374556832115, 11.591610325368391, 502.3347474485636, 14.479694526990466, 9.734437821473886
1736090642.2146997, 48.17335649130066, 11.591597336011816, 502.4120275368914, 14.45975816399317, 9.76402719854527
1736090643.2160907, 48.17335780182237, 11.591585288824314, 502.66245700325817, 14.417699869354625, 9.826024820460745
1736090644.2154799, 48.17333904921902, 11.59156588588523, 502.61205513216555, 14.406049067185508, 9.843098270816077
1736090645.2136989, 48.17333459547613, 11.591555543099876, 502.636562615633, 14.396570472657645, 9.856956524247273
1736090646.2169964, 48.17332334715908, 11.59153793085498, 502.8689403263852, 14.376841973830526, 9.885709289403755
1736090647.21446, 48.173346020976574, 11.591520328223346, 502.81172805838287, 14.345084206244431, 9.931736626132182
1736090648.224697, 48.17335189323493, 11.591498542289889, 503.13429062161595, 14.340485562139806, 9.938375477770935
1736090649.2247288, 48.17334943550853, 11.591480250224803, 503.1781812813133, 14.327417240033666, 9.95720585933047
1736090650.21621, 48.173339334857246, 11.591463139075952, 503.3668466899544, 14.332196916041942, 9.950324861776965
1736090651.2143264, 48.17335498351769, 11.591446896703632, 503.44298939872533, 14.317121636756978, 9.972003877526529
1736090652.2157774, 48.17335823434725, 11.591432713213116, 503.3199108839035, 14.316025612807424, 9.973577289445382
1736090653.2238853, 48.1733665163854, 11.591417258249033, 503.38991990312934, 14.326016902281255, 9.959220502160335
1736090654.217729, 48.173369247555286, 11.59140609362807, 502.9450419181958, 14.33133205508392, 9.951570470132996
1736090655.2210836, 48.173375133108856, 11.5913880075883, 503.552945910953, 14.351947388848982, 9.921816337889439
1736090656.214675, 48.17337135328245, 11.591371222971938, 503.4952926905826, 14.358308790609085, 9.912608232378439
1736090657.2157197, 48.17336879839629, 11.591355181134544, 503.6082802535966, 14.328188948586352, 9.956095356549518
1736090658.2164788, 48.17335964916113, 11.591346959901141, 503.5106825521216, 14.32097272538824, 9.966472469925609
1736090659.2148685, 48.17335934537336, 11.591336873808853, 504.06902703549713, 14.287150872849507, 10.014896566192506
1736090660.2162333, 48.173359775336046, 11.591320661687837, 504.1642571957782, 14.266449787366641, 10.044363780730228
1736090661.2259748, 48.173352345110324, 11.591310011600534, 504.02162896376103, 14.256785610223266, 10.058076225562704
1736090662.2181563, 48.1733498651749, 11.591291638845789, 504.1937623936683, 14.247852937384343, 10.070725890906141
1736090663.2230043, 48.173349048401874, 11.591276550665164, 504.0524767320603, 14.241772023671043, 10.079323534884656
1736090664.2257135, 48.17334428297368, 11.591261386971969, 504.1692901458591, 14.233303010762866, 10.091279339058437
1736090665.2146597, 48.17333337563387, 11.591240549512575, 504.4944933503866, 14.241792167632031, 10.07929507203127
1736090666.2149882, 48.17332838428379, 11.591223340916857, 504.42127056326717, 14.247295716151797, 10.071514189615261
1736090667.2303982, 48.17332750281501, 11.591219963134149, 504.35032563097775, 14.238697888758292, 10.083665788182842
1736090668.217251, 48.17333135962161, 11.59121189724179, 504.707194538787, 14.231623015420357, 10.093648480210538
1736090669.2177618, 48.17332840245497, 11.591187036384719, 505.0096398992464, 14.224039058880892, 10.104333038183652
1736090670.217132, 48.173330307719375, 11.591175739436224, 505.1444797869772, 14.207819694780836, 10.12712658238736
1736090671.2241545, 48.173327879031206, 11.591156505775656, 505.64481821563095, 14.207280951485412, 10.127882368030283
1736090672.2247286, 48.17333977951961, 11.59114582480691, 505.40835059434175, 14.20117567675003, 10.136441322928983
1736090673.2242823, 48.173341886480515, 11.591117778324508, 505.97593897394836, 14.202355477655741, 10.1347882159126
1736090674.216931, 48.17333971512685, 11.59110632482499, 506.32484919112176, 14.20784066726658, 10.127097159041421
1736090675.2160046, 48.173339484002156, 11.59109538020494, 506.23556218948215, 14.230154383199316, 10.095718871155842
1736090676.2096438, 48.17333399341933, 11.591081239505812, 506.67624289821833, 14.23974266595774, 10.08219034250007
1736090677.2177477, 48.17333366545695, 11.591068638950382, 507.0972747085616, 14.255008897118113, 10.060594149362272
1736090678.2233295, 48.17333335748279, 11.591059659167883, 506.3877202961594, 14.253676145473005, 10.062482279988012
1736090679.2153697, 48.17333441937159, 11.591046561361313, 506.4465218000114, 14.25623530619868, 10.058856206815618
1736090680.2147665, 48.173327079723634, 11.59104355521687, 505.8161551496014, 14.254562334783296, 10.061226860521346
1736090681.2142391, 48.173330758335716, 11.591025008125797, 506.55005951505154, 14.254142901830914, 10.061821079172612
1736090682.2150664, 48.17332678975707, 11.591035475685823, 506.4117025565356, 14.250135894685686, 10.067495233576697
1736090683.2128308, 48.17332715363429, 11.591020086793575, 506.3176835542545, 14.248271074049613, 10.070134293816542
1736090684.2116673, 48.17332747792692, 11.591010069452915, 506.440681533888, 14.285100858492601, 10.017820459450894
1736090685.2138374, 48.17332739120865, 11.59100102583366, 506.6394254779443, 14.398800208118093, 9.853699095354862
1736090686.2144184, 48.17332656430715, 11.59099094204453, 506.66897983290255, 14.65536022652535, 9.467906311633937
1736090687.21132, 48.173325072658386, 11.590973710843823, 506.8061347641051, 15.10362815264096, 8.73505866733878
1736090688.2208176, 48.173322548499826, 11.590960923901592, 506.8866670569405, 15.783954135922858, 7.435564883059164
1736090689.2117138, 48.173318734060054, 11.590948810289916, 506.5649911798537, 17.24636847316224, 5.210660655292821
1736090690.213702, 48.17331513653481, 11.590939612705467, 506.657453709282, 15.27318033741113, 8.435093104170038
1736090691.209825, 48.17331285799968, 11.590921418062846, 506.80447967909276, 15.312545566554036, 8.363419250958621
1736090692.2119346, 48.17331798329286, 11.590892848801628, 506.47697877697647, 15.819339980282615, 8.07886082231832
1736090693.2117004, 48.17332473955714, 11.590864796842613, 506.5292268237099, 14.897991128458898, 9.081337656505172
1736090694.2150297, 48.173386938161734, 11.590821316781268, 505.06511914450675, 14.654113851745509, 9.469835295039683
1736090695.212585, 48.17337373957947, 11.590851838821527, 505.3370234305039, 14.571683845773027, 9.596190035317992
1736090696.2128823, 48.17336241561245, 11.590796882442065, 505.5687284208834, 14.492558376835937, 9.715275857591559
1736090697.21276, 48.173372270324556, 11.590767055195904, 505.3593100560829, 14.428886163825902, 9.809591090685295
1736090698.2169876, 48.17336908780565, 11.590741844260323, 505.21615396253765, 14.383022288601206, 9.876715199938685
1736090699.2218094, 48.17337924357473, 11.590715619277903, 504.81959418114275, 14.346760504750147, 9.929314997241262
1736090700.2224426, 48.17338513427308, 11.590696810207307, 504.2199965501204, 14.315866787022339, 9.973805263355086
1736090701.2162914, 48.173384836623306, 11.590672270927017, 504.2600876390934, 14.28468303915431, 10.018416230422657
1736090702.2149553, 48.17336911558648, 11.590649467471072, 503.7098546717316, 14.268385787959922, 10.041613431169425
1736090703.2217388, 48.17336402139117, 11.590630374309306, 504.0873538432643, 14.256241475134798, 10.05884746368814
1736090704.225751, 48.17336413598526, 11.59061738936723, 504.3761248961091, 14.243813823258192, 10.076437915427146
1736090705.2224774, 48.173367776280706, 11.590608681037933, 504.22384928911924, 14.238366184044105, 10.084134157386455
1736090706.216453, 48.173366723240626, 11.590596039046074, 504.5646123373881, 14.216588936602202, 10.114812519408295
1736090707.2251945, 48.17336196311309, 11.59058266780719, 504.16246808413416, 14.207554491092097, 10.127498638743317
1736090708.212369, 48.173363534585036, 11.590576744771846, 504.11564108822495, 14.196776827436423, 10.142601293902029
1736090709.221898, 48.17336500909954, 11.590562683726857, 503.88751142658293, 14.189820428243236, 10.152331235204548
1736090710.2144365, 48.17336558586128, 11.590549345026238, 503.847543570213, 14.18249175104913, 10.162566655452858
1736090711.2114966, 48.173363742705675, 11.590544669279453, 503.2767884032801, 14.174463838186101, 10.17376076950178
